{"stats":{"minecraft:crafted":{"minecraft:stone_shovel":2,"quark:birch_chest":1,"minecraft:birch_boat":4,"minecraft:stone_pickaxe":1,"minecraft:stone_hoe":3,"minecraft:wooden_shovel":2,"minecraft:crafting_table":5,"minecraft:wooden_pickaxe":1,"minecraft:acacia_trapdoor":14,"minecraft:bucket":1,"minecraft:stone_axe":1,"minecraft:air":1025,"minecraft:iron_ingot":1,"minecraft:wooden_axe":2,"minecraft:torch":36},"minecraft:broken":{"minecraft:wooden_shovel":2,"minecraft:stone_hoe":2,"minecraft:wooden_pickaxe":1,"minecraft:stone_axe":1,"minecraft:wooden_axe":1,"minecraft:stone_shovel":1},"minecraft:dropped":{"minecraft:bread":10,"minecraft:granite":1,"bloodandmadness:beastblood_clump":2,"minecraft:dirt":18,"minecraft:jungle_button":17,"minecraft:wooden_axe":1,"magistuarmory:rusted_bastardsword":1,"minecraft:birch_sapling":2,"alexsmobs:blobfish":1,"minecraft:rotten_flesh":3,"minecraft:iron_boots":1,"minecraft:skeleton_skull":1,"apotheosis:gem":1,"minecraft:bamboo":11,"minecraft:bow":2},"minecraft:used":{"minecraft:azalea":41,"quark:birch_chest":1,"minecraft:acacia_log":22,"minecraft:stone_shovel":220,"minecraft:wooden_shovel":121,"immersive_weathering:azalea_flowers":1,"minecraft:stone_hoe":352,"minecraft:torch":41,"minecraft:dirt":282,"minecraft:spruce_stairs":1,"minecraft:jungle_planks":5,"minecraft:carrot":13,"minecraft:acacia_sapling":1,"minecraft:granite":1,"minecraft:wooden_axe":98,"minecraft:flowering_azalea":7,"minecraft:rooted_dirt":3,"minecraft:stone_bricks":1,"minecraft:bow":150,"minecraft:sweet_berries":2,"minecraft:scaffolding":3,"minecraft:oak_sapling":2,"minecraft:furnace":2,"magistuarmory:rusted_bastardsword":8,"minecraft:cooked_beef":7,"minecraft:potato":23,"minecraft:acacia_planks":109,"minecraft:calcite":1,"minecraft:wheat_seeds":114,"minecraft:water_bucket":5,"minecraft:birch_planks":45,"minecraft:acacia_trapdoor":163,"minecraft:stone_pickaxe":112,"minecraft:baked_potato":3,"minecraft:oak_planks":1,"minecraft:birch_boat":5,"minecraft:wooden_pickaxe":55,"farmersdelight:onion":45,"minecraft:crafting_table":8,"minecraft:oak_slab":7,"minecraft:crossbow":68,"minecraft:cod":1,"minecraft:apple":24,"minecraft:bread":8,"blue_skies:horizofin_tunid":1,"minecraft:stone_axe":142,"minecraft:cobblestone":8,"minecraft:stripped_crimson_hyphae":2,"minecraft:white_banner":1,"minecraft:grindstone":1,"minecraft:bucket":5},"minecraft:picked_up":{"minecraft:crafting_table":3,"minecraft:wheat":13,"minecraft:iron_axe":1,"minecraft:calcite":1,"minecraft:azalea":46,"minecraft:melon_slice":4,"minecraft:birch_sapling":4,"minecraft:iron_boots":1,"minecraft:furnace":2,"apotheosis:gem":3,"minecraft:stripped_crimson_hyphae":2,"minecraft:stick":42,"minecraft:raw_iron":6,"minecraft:torch":3,"minecraft:acacia_log":228,"minecraft:spruce_stairs":1,"bloodandmadness:beastblood_clump":2,"hexerei:sage_seed":10,"minecraft:rotten_flesh":6,"minecraft:iron_bars":1,"minecraft:skeleton_skull":1,"immersive_weathering:azalea_flowers":1,"minecraft:cobblestone":78,"minecraft:birch_log":30,"alexsmobs:acacia_blossom":3,"minecraft:gunpowder":6,"minecraft:paper":2,"minecraft:dirt":339,"minecraft:white_banner":1,"minecraft:acacia_planks":2,"minecraft:stone_bricks":1,"minecraft:acacia_trapdoor":3,"minecraft:bow":3,"minecraft:wheat_seeds":65,"minecraft:grindstone":1,"minecraft:bamboo":11,"minecraft:acacia_sapling":4,"minecraft:flowering_azalea":16,"minecraft:oak_planks":1,"minecraft:oak_slab":7,"minecraft:scaffolding":3,"minecraft:birch_boat":1,"minecraft:sweet_berries":2,"minecraft:gravel":1,"minecraft:jungle_planks":22,"magistuarmory:rustedchainmail_leggings":1,"magistuarmory:rusted_bastardsword":1,"minecraft:granite":2,"minecraft:emerald":3,"minecraft:rooted_dirt":3,"minecraft:oak_sapling":2,"minecraft:coal":52},"minecraft:killed_by":{"simple_mobs:fireball":1,"minecraft:vindicator":2,"minecraft:guardian":1,"minecraft:witch":1,"simple_mobs:sentinel_knight":1},"minecraft:mined":{"minecraft:oak_sapling":1,"immersive_weathering:acacia_leaf_pile":3,"minecraft:granite":7,"minecraft:stripped_crimson_hyphae":2,"minecraft:acacia_log":7,"minecraft:grass_block":285,"minecraft:jungle_planks":5,"immersive_weathering:azalea_leaf_pile":9,"minecraft:rooted_dirt":1,"minecraft:furnace":2,"minecraft:acacia_trapdoor":3,"minecraft:iron_ore":6,"minecraft:acacia_wood":1,"immersive_weathering:flowering_azalea_leaf_pile":9,"treechop:chopped_log":17,"minecraft:vine":3,"minecraft:iron_bars":1,"minecraft:azalea_leaves":17,"minecraft:bamboo":1,"minecraft:azalea":13,"minecraft:stone":79,"minecraft:oak_slab":6,"minecraft:scaffolding":3,"minecraft:flowering_azalea":1,"minecraft:crafting_table":3,"minecraft:torch":1,"minecraft:calcite":1,"minecraft:melon":1,"immersive_weathering:rooted_grass_block":1,"minecraft:grindstone":1,"minecraft:oak_planks":1,"minecraft:wall_torch":1,"minecraft:spruce_stairs":2,"minecraft:birch_log":2,"minecraft:wheat":13,"minecraft:sweet_berry_bush":1,"minecraft:grass":87,"minecraft:coal_ore":51,"minecraft:gravel":1,"minecraft:dirt":79,"minecraft:acacia_planks":2,"minecraft:stone_bricks":1,"minecraft:oak_leaves":11,"minecraft:fern":25,"minecraft:infested_stone":1},"minecraft:custom":{"lootr:looted_stat":10,"minecraft:mob_kills":26,"minecraft:interact_with_crafting_table":30,"minecraft:open_barrel":20,"minecraft:damage_dealt_resisted":448,"minecraft:eat_cake_slice":4,"minecraft:leave_game":1,"minecraft:time_since_death":0,"minecraft:climb_one_cm":18701,"minecraft:sprint_one_cm":657012,"champions:champion_mobs_killed":21,"minecraft:walk_one_cm":1570436,"minecraft:drop":21,"minecraft:damage_dealt_absorbed":200,"minecraft:play_time":218591,"minecraft:deaths":10,"minecraft:sneak_time":12011,"minecraft:walk_under_water_one_cm":25965,"minecraft:boat_one_cm":34133,"minecraft:jump":3256,"minecraft:walk_on_water_one_cm":33133,"minecraft:total_world_time":218591,"minecraft:interact_with_furnace":7,"minecraft:sleep_in_bed":1,"minecraft:time_since_rest":184,"minecraft:waystone_activated":1,"minecraft:damage_taken":3330,"minecraft:damage_dealt":419,"minecraft:swim_one_cm":18731,"minecraft:fly_one_cm":639026,"minecraft:player_kills":1,"minecraft:open_chest":67,"minecraft:crouch_one_cm":88492,"minecraft:fall_one_cm":73489},"minecraft:killed":{"minecraft:witch":1,"minecraft:vindicator":13,"bloodandmadness:brainsucker":2,"bloodandmadness:silverbeast":1,"minecraft:creeper":1,"minecraft:pillager":3,"minecraft:zombie":2,"monsterplus:overgrown_skeleton":1}},"DataVersion":2975}