{"stats":{"minecraft:crafted":{"minecraft:acacia_boat":2,"minecraft:air":80},"minecraft:killed":{"minecraft:pillager":8,"minecraft:zombie":1,"dannys_expansion:floam":1,"minecraft:vindicator":8,"minecraft:skeleton":1},"minecraft:killed_by":{"minecraft:ravager":1,"minecraft:stray":1,"dannys_expansion:floam":3,"minecraft:vindicator":3},"minecraft:used":{"minecraft:acacia_boat":6,"minecraft:wooden_axe":11,"minecraft:wheat_seeds":1,"minecraft:bread":14,"minecraft:white_bed":1,"minecraft:acacia_planks":30,"minecraft:experience_bottle":1},"minecraft:picked_up":{"minecraft:wheat":10,"apotheosis:gem":2,"minecraft:enchanted_book":1,"minecraft:white_bed":1,"minecraft:carrot":16,"minecraft:acacia_boat":4,"minecraft:paper":1,"minecraft:arrow":11,"minecraft:red_carpet":1,"minecraft:bone":5,"minecraft:rotten_flesh":1,"minecraft:acacia_planks":11,"minecraft:wheat_seeds":19,"untamedwilds:hide_bigcat_leopard":2,"minecraft:emerald":1,"minecraft:cobblestone":3},"minecraft:custom":{"minecraft:time_since_rest":8228,"minecraft:waystone_activated":1,"minecraft:damage_taken":2780,"champions:champion_mobs_killed":18,"lootr:looted_stat":17,"minecraft:sprint_one_cm":171198,"minecraft:damage_absorbed":33,"minecraft:walk_one_cm":389652,"minecraft:mob_kills":21,"minecraft:drop":5,"minecraft:damage_dealt":16,"minecraft:swim_one_cm":11448,"minecraft:interact_with_crafting_table":4,"minecraft:fly_one_cm":240244,"minecraft:open_barrel":6,"minecraft:open_chest":2,"minecraft:crouch_one_cm":25117,"minecraft:play_time":97974,"minecraft:deaths":10,"minecraft:sneak_time":3516,"minecraft:walk_under_water_one_cm":12573,"minecraft:boat_one_cm":2749,"minecraft:jump":1264,"minecraft:leave_game":1,"minecraft:time_since_death":8200,"minecraft:walk_on_water_one_cm":23876,"minecraft:sleep_in_bed":2,"minecraft:total_world_time":97974,"minecraft:climb_one_cm":11032,"minecraft:fall_one_cm":26233},"minecraft:mined":{"minecraft:red_carpet":1,"minecraft:white_bed":2,"farmersdelight:wild_carrots":16,"minecraft:grass":1,"minecraft:tall_grass":3,"minecraft:acacia_planks":11,"minecraft:oak_leaves":3},"minecraft:dropped":{"minecraft:azalea":3,"minecraft:cobblestone":3,"minecraft:rotten_flesh":1,"minecraft:flowering_azalea":1,"minecraft:wooden_pickaxe":1}},"DataVersion":2975}