{"stats":{"minecraft:crafted":{"minecraft:bone_meal":15,"minecraft:acacia_boat":2,"minecraft:air":154,"minecraft:iron_axe":1,"minecraft:iron_ingot":6,"minecraft:iron_pickaxe":1},"minecraft:killed":{"dannys_expansion:floam":1,"minecraft:vindicator":8,"minecraft:skeleton":1,"minecraft:pillager":11,"minecraft:zombie":1,"bloodandmadness:beast_patient":1},"minecraft:killed_by":{"minecraft:vindicator":3,"minecraft:stray":1,"minecraft:zombie":1,"minecraft:ravager":1,"dannys_expansion:floam":3},"minecraft:used":{"minecraft:beetroot":1,"minecraft:wheat_seeds":27,"minecraft:acacia_boat":6,"minecraft:stone_hoe":2,"minecraft:white_bed":1,"minecraft:wooden_axe":11,"minecraft:bread":18,"minecraft:potato":7,"minecraft:acacia_planks":30,"minecraft:experience_bottle":1},"minecraft:picked_up":{"minecraft:wheat":416,"minecraft:potato":7,"minecraft:enchanted_book":1,"minecraft:acacia_boat":4,"minecraft:paper":1,"irons_spellbooks:iron_spell_book":1,"minecraft:red_carpet":1,"minecraft:bone":6,"minecraft:acacia_planks":11,"minecraft:wheat_seeds":320,"minecraft:azalea":1,"minecraft:smooth_quartz":3,"hexerei:animal_fat":3,"minecraft:stick":2,"apotheosis:gem":2,"minecraft:pumpkin":2,"minecraft:glow_item_frame":5,"minecraft:raw_iron_block":1,"minecraft:amethyst_shard":1,"minecraft:white_bed":1,"minecraft:carrot":40,"minecraft:arrow":15,"minecraft:rotten_flesh":2,"farmersdelight:onion":8,"untamedwilds:hide_bigcat_leopard":2,"minecraft:emerald":1,"minecraft:cobblestone":3},"minecraft:custom":{"lootr:looted_stat":17,"minecraft:interact_with_furnace":4,"minecraft:mob_kills":24,"minecraft:interact_with_crafting_table":7,"minecraft:open_barrel":8,"minecraft:leave_game":2,"minecraft:time_since_death":487,"minecraft:sleep_in_bed":2,"minecraft:climb_one_cm":12835,"minecraft:time_since_rest":516,"minecraft:waystone_activated":3,"champions:champion_mobs_killed":21,"minecraft:sprint_one_cm":224012,"minecraft:damage_absorbed":833,"minecraft:damage_taken":9946,"minecraft:walk_one_cm":588845,"minecraft:drop":13,"minecraft:damage_dealt":16,"minecraft:swim_one_cm":11448,"minecraft:fly_one_cm":348135,"minecraft:open_chest":20,"minecraft:crouch_one_cm":31940,"minecraft:play_time":121098,"minecraft:deaths":12,"minecraft:walk_under_water_one_cm":18838,"minecraft:sneak_time":4264,"minecraft:boat_one_cm":2749,"minecraft:jump":1736,"minecraft:walk_on_water_one_cm":43068,"minecraft:total_world_time":121098,"minecraft:fall_one_cm":79640},"minecraft:mined":{"minecraft:red_carpet":1,"minecraft:white_bed":2,"farmersdelight:wild_carrots":16,"minecraft:tall_grass":3,"minecraft:pumpkin":2,"minecraft:grass":2,"minecraft:acacia_planks":11,"minecraft:oak_leaves":3},"minecraft:dropped":{"minecraft:bread":24,"minecraft:cobblestone":3,"minecraft:rotten_flesh":2,"minecraft:glow_item_frame":5,"minecraft:iron_chestplate":1,"minecraft:azalea":4,"farmersdelight:onion":8,"irons_spellbooks:iron_spell_book":1,"minecraft:flowering_azalea":1,"minecraft:raw_iron_block":1,"minecraft:wooden_pickaxe":1}},"DataVersion":2975}