{"stats":{"minecraft:custom":{"lootr:looted_stat":21,"minecraft:interact_with_furnace":4,"minecraft:mob_kills":48,"minecraft:interact_with_crafting_table":7,"minecraft:open_barrel":10,"minecraft:leave_game":2,"minecraft:time_since_death":6147,"minecraft:sleep_in_bed":3,"minecraft:climb_one_cm":12835,"minecraft:time_since_rest":6171,"minecraft:waystone_activated":3,"champions:champion_mobs_killed":43,"minecraft:sprint_one_cm":302337,"minecraft:damage_absorbed":833,"minecraft:damage_taken":14429,"minecraft:walk_one_cm":1075318,"minecraft:drop":14,"minecraft:damage_dealt":2929,"minecraft:damage_dealt_absorbed":99,"minecraft:swim_one_cm":11448,"minecraft:fly_one_cm":448464,"minecraft:open_chest":20,"minecraft:crouch_one_cm":50483,"minecraft:play_time":157950,"minecraft:deaths":23,"minecraft:sneak_time":6508,"minecraft:walk_under_water_one_cm":18886,"minecraft:boat_one_cm":2749,"minecraft:jump":2342,"minecraft:walk_on_water_one_cm":45683,"minecraft:total_world_time":157950,"minecraft:fall_one_cm":98106},"minecraft:dropped":{"minecraft:bread":24,"minecraft:baked_potato":4,"minecraft:cobblestone":3,"minecraft:rotten_flesh":2,"minecraft:glow_item_frame":5,"minecraft:iron_chestplate":1,"minecraft:azalea":4,"farmersdelight:onion":8,"minecraft:flowering_azalea":1,"irons_spellbooks:iron_spell_book":1,"minecraft:raw_iron_block":1,"minecraft:wooden_pickaxe":1},"minecraft:mined":{"minecraft:red_carpet":1,"minecraft:white_bed":2,"farmersdelight:wild_carrots":16,"minecraft:tall_grass":3,"minecraft:pumpkin":2,"minecraft:grass":4,"minecraft:acacia_planks":11,"minecraft:oak_leaves":3},"minecraft:broken":{"irons_spellbooks:wandering_magician_helmet":1,"minecraft:iron_boots":1},"minecraft:killed_by":{"minecraft:vindicator":3,"simple_mobs:goblo":1,"goblinsanddungeons:goblin_king":5,"goblinsanddungeons:gob":2,"minecraft:skeleton":1,"minecraft:stray":1,"minecraft:zombie":1,"simple_mobs:gobber":2,"minecraft:ravager":1,"dannys_expansion:floam":3},"minecraft:used":{"minecraft:beetroot":1,"minecraft:wheat_seeds":27,"minecraft:acacia_boat":6,"minecraft:oak_planks":3,"minecraft:iron_sword":69,"minecraft:stone_hoe":2,"minecraft:white_bed":1,"minecraft:wooden_axe":11,"minecraft:bread":46,"minecraft:potato":7,"minecraft:acacia_planks":30,"minecraft:experience_bottle":1},"minecraft:crafted":{"minecraft:bone_meal":15,"minecraft:air":154,"minecraft:acacia_boat":2,"minecraft:iron_axe":1,"minecraft:iron_ingot":6,"minecraft:iron_pickaxe":1},"minecraft:picked_up":{"minecraft:wheat":416,"minecraft:leather":1,"minecraft:potato":7,"minecraft:enchanted_book":3,"minecraft:acacia_boat":4,"minecraft:paper":1,"irons_spellbooks:iron_spell_book":1,"minecraft:red_carpet":1,"minecraft:bone":6,"minecraft:acacia_planks":11,"minecraft:wheat_seeds":320,"minecraft:azalea":1,"minecraft:iron_nugget":4,"minecraft:smooth_quartz":3,"hexerei:animal_fat":3,"minecraft:stick":2,"apotheosis:gem":2,"minecraft:pumpkin":2,"minecraft:glow_item_frame":5,"minecraft:raw_iron_block":1,"minecraft:amethyst_shard":1,"minecraft:white_bed":1,"minecraft:carrot":40,"minecraft:leather_helmet":1,"minecraft:arrow":30,"minecraft:rotten_flesh":4,"minecraft:beetroot_seeds":1,"farmersdelight:onion":8,"untamedwilds:hide_bigcat_leopard":2,"minecraft:emerald":1,"minecraft:cobblestone":3},"minecraft:killed":{"mimic:mimic":1,"goblinsanddungeons:goblo":1,"simple_mobs:gobber":1,"dannys_expansion:floam":1,"simple_mobs:hobgob":1,"goblinsanddungeons:gob":5,"minecraft:vindicator":8,"simple_mobs:weak_ogre":1,"minecraft:skeleton":1,"minecraft:pillager":11,"goblinsanddungeons:hobgob":1,"minecraft:zombie":1,"bloodandmadness:beast_patient":1,"minecraft:chicken":3,"goblinsanddungeons:garch":5,"goblinsanddungeons:goom":1,"simple_mobs:gob":6}},"DataVersion":2975}