{"stats":{"minecraft:custom":{"lootr:looted_stat":44,"minecraft:interact_with_crafting_table":62,"minecraft:open_barrel":25,"minecraft:leave_game":7,"minecraft:time_since_death":13536,"minecraft:sprint_one_cm":1516896,"champions:champion_mobs_killed":88,"minecraft:drop":142,"minecraft:talked_to_villager":2,"minecraft:play_time":481920,"minecraft:deaths":44,"minecraft:jump":5300,"minecraft:walk_on_water_one_cm":67991,"minecraft:interact_with_furnace":45,"minecraft:traded_with_villager":1,"minecraft:sleep_in_bed":8,"minecraft:waystone_activated":6,"minecraft:damage_dealt":28289,"minecraft:crouch_one_cm":84356,"minecraft:horse_one_cm":4690,"minecraft:mob_kills":118,"minecraft:damage_dealt_resisted":94,"minecraft:climb_one_cm":91994,"minecraft:walk_one_cm":2955556,"minecraft:damage_dealt_absorbed":202,"minecraft:sneak_time":15041,"minecraft:walk_under_water_one_cm":48491,"minecraft:boat_one_cm":102128,"minecraft:total_world_time":481920,"minecraft:raid_trigger":1,"minecraft:time_since_rest":13561,"minecraft:damage_absorbed":253,"minecraft:damage_taken":21874,"minecraft:swim_one_cm":141264,"minecraft:fly_one_cm":1425066,"minecraft:open_chest":112,"minecraft:fall_one_cm":109244},"minecraft:dropped":{"minecraft:iron_sword":2,"minecraft:birch_planks":6,"untamedwilds:material_fat":1,"minecraft:crafting_table":1,"minecraft:crossbow":1,"minecraft:glow_berries":1,"minecraft:rooted_dirt":1,"minecraft:jungle_planks":3,"minecraft:cracked_stone_bricks":1,"bloodandmadness:beastblood_clump":1,"minecraft:leather_helmet":2,"minecraft:dirt":7,"immersive_weathering:cracked_stone_brick_stairs":1,"alexsmobs:flying_fish":1,"irons_spellbooks:arcane_essence":2,"minecraft:jungle_sapling":2,"minecraft:iron_pickaxe":1,"minecraft:acacia_door":1,"minecraft:birch_log":6,"minecraft:white_wool":5,"minecraft:bone":4,"minecraft:iron_nugget":13,"minecraft:wheat":2,"minecraft:birch_sapling":4,"minecraft:rotten_flesh":12,"minecraft:oak_planks":1,"minecraft:birch_fence_gate":2,"minecraft:leather_chestplate":1,"minecraft:skeleton_skull":1,"minecraft:beetroot_seeds":1,"minecraft:jungle_log":1,"apotheosis:gem":3,"minecraft:azalea":32,"minecraft:acacia_sapling":4,"minecraft:ladder":8,"minecraft:spruce_slab":2,"minecraft:arrow":20,"minecraft:stone_brick_stairs":1,"minecraft:egg":1,"minecraft:wheat_seeds":65,"minecraft:mossy_cobblestone":5,"dannys_expansion:yellow_spores":2,"minecraft:lead":1,"minecraft:cobblestone":13,"bloodandmadness:pure_quicksilver":1,"minecraft:granite":8,"minecraft:spruce_door":1,"minecraft:stick":21,"quark:clear_shard":8,"farmersdelight:golden_knife":1,"minecraft:smooth_quartz":9,"epicfight:iron_greatsword":4,"epicfight:stone_greatsword":1,"minecraft:iron_axe":3,"minecraft:string":2,"minecraft:tripwire_hook":1,"minecraft:acacia_planks":1,"hexerei:animal_fat":3,"hexerei:sage_seed":5,"alexsmobs:acacia_blossom":1,"epicfight:uchigatana":2,"minecraft:stone_sword":2,"minecraft:coarse_dirt":2,"minecraft:chiseled_quartz_block":2,"minecraft:iron_boots":1,"minecraft:light_gray_concrete":20,"minecraft:filled_map":4,"minecraft:potato":3,"magistuarmory:rustedchainmail_helmet":1,"minecraft:spruce_planks":2,"minecraft:iron_chestplate":2,"minecraft:spider_eye":2,"minecraft:dark_prismarine":3},"minecraft:broken":{"minecraft:iron_leggings":2,"jet_and_elias_armors:dreadnought_armor_boots":1,"minecraft:stone_axe":1,"minecraft:wooden_axe":1,"minecraft:golden_chestplate":1,"minecraft:golden_axe":1,"minecraft:iron_axe":4,"minecraft:iron_helmet":1},"minecraft:mined":{"minecraft:dark_oak_planks":2,"minecraft:spruce_planks":30,"immersive_weathering:acacia_leaf_pile":5,"minecraft:granite":15,"minecraft:stripped_crimson_hyphae":2,"minecraft:acacia_log":83,"minecraft:grass_block":25,"minecraft:jungle_log":2,"minecraft:coal_block":1,"goblinsanddungeons:urn":4,"minecraft:spawner":1,"minecraft:raw_iron_block":67,"minecraft:iron_ore":17,"immersive_weathering:flowering_azalea_leaf_pile":2,"supplementaries:stick":1,"minecraft:flowering_azalea_leaves":8,"minecraft:dirt_path":1,"minecraft:light_gray_concrete":21,"minecraft:azalea_leaves":3,"minecraft:iron_block":63,"minecraft:spruce_slab":6,"minecraft:powder_snow":8,"minecraft:chiseled_quartz_block":4,"minecraft:torch":19,"minecraft:jungle_stairs":2,"quark:white_corundum_cluster":1,"minecraft:melon":4,"minecraft:glass":2,"minecraft:cobblestone":5,"minecraft:oak_planks":11,"minecraft:wall_torch":21,"minecraft:dark_oak_slab":1,"minecraft:wheat":72,"minecraft:lilac":2,"minecraft:stone_brick_stairs":1,"minecraft:grass":36,"minecraft:beetroots":1,"minecraft:dirt":32,"minecraft:sand":83,"minecraft:smooth_quartz":16,"minecraft:crimson_planks":6,"minecraft:tripwire_hook":1,"minecraft:oak_leaves":7,"minecraft:emerald_block":2,"minecraft:dark_prismarine":3,"minecraft:mossy_cobblestone":8,"minecraft:ladder":13,"minecraft:purple_terracotta":3,"minecraft:jungle_planks":13,"minecraft:acacia_slab":43,"minecraft:moss_block":1,"immersive_weathering:azalea_leaf_pile":2,"minecraft:rooted_dirt":1,"minecraft:hay_block":25,"minecraft:carrots":6,"minecraft:acacia_stairs":10,"minecraft:diamond_block":1,"treechop:chopped_log":13,"minecraft:gold_block":4,"minecraft:potatoes":3,"minecraft:vine":11,"irons_spellbooks:inscription_table":1,"minecraft:stone":59,"minecraft:gray_concrete":1,"minecraft:crafting_table":3,"minecraft:tall_grass":6,"minecraft:spruce_stairs":8,"minecraft:coarse_dirt":2,"minecraft:yellow_bed":1,"minecraft:coal_ore":6,"immersive_weathering:cracked_stone_brick_stairs":2,"minecraft:cobweb":28,"minecraft:cracked_stone_bricks":1,"minecraft:acacia_planks":90,"minecraft:stone_bricks":1,"quark:violet_corundum_cluster":3,"minecraft:fern":11},"minecraft:killed_by":{"minecraft:vindicator":6,"goblinsanddungeons:goblin_king":7,"goblinsanddungeons:gob":5,"minecraft:zombie":5,"simple_mobs:gobber":2,"majruszsdifficulty:cursed_armor":2,"minecraft:husk":1,"minecraft:stray":1,"monsterplus:overgrown_skeleton":1,"minecraft:skeleton":2,"bloodandmadness:brainsucker":1,"minecraft:guardian":1,"simple_mobs:gob":1,"goblinsanddungeons:hobgob":2,"simple_mobs:sentinel_knight":2,"irons_spellbooks:archevoker":3,"goblinsanddungeons:garch":1},"minecraft:used":{"minecraft:iron_shovel":85,"minecraft:spruce_slab":2,"minecraft:ladder":5,"minecraft:iron_sword":16,"farmersdelight:fish_stew":1,"minecraft:jungle_planks":9,"minecraft:glass":74,"minecraft:dark_oak_slab":1,"minecraft:stone_bricks":1,"minecraft:item_frame":1,"minecraft:bow":7,"minecraft:hay_block":1,"minecraft:sweet_berries":4,"untamedwilds:material_fat":1,"minecraft:egg":3,"epicfight:skillbook":1,"minecraft:oak_planks":2,"minecraft:wooden_pickaxe":25,"minecraft:cookie":1,"minecraft:golden_apple":4,"minecraft:crossbow":1,"minecraft:chiseled_quartz_block":3,"minecraft:purple_terracotta":2,"waystones:waystone":5,"minecraft:acacia_door":4,"minecraft:bread":129,"minecraft:lilac":2,"minecraft:experience_bottle":3,"minecraft:acacia_log":361,"minecraft:spruce_planks":23,"minecraft:stick":1,"minecraft:torch":53,"minecraft:spyglass":11,"minecraft:dirt":23,"minecraft:spruce_stairs":5,"minecraft:granite":2,"minecraft:dark_oak_planks":2,"minecraft:wooden_axe":60,"epicfight:iron_greatsword":200,"untamedwilds:food_bear_cooked":5,"minecraft:iron_axe":293,"minecraft:rooted_dirt":1,"minecraft:acacia_slab":269,"minecraft:smooth_quartz":7,"minecraft:crimson_planks":6,"epicfight:stone_greatsword":120,"minecraft:barrel":2,"minecraft:cooked_beef":25,"minecraft:acacia_planks":353,"minecraft:golden_axe":32,"minecraft:wheat_seeds":82,"minecraft:cooked_mutton":11,"alexsmobs:cooked_catfish":6,"minecraft:birch_planks":23,"minecraft:baked_potato":4,"farmersdelight:golden_knife":29,"minecraft:glow_item_frame":2,"minecraft:mossy_cobblestone":3,"minecraft:crafting_table":7,"quark:acacia_chest":3,"minecraft:white_bed":1,"quark:violet_corundum":2,"minecraft:acacia_stairs":22,"minecraft:apple":10,"minecraft:iron_pickaxe":301,"minecraft:jungle_stairs":2,"minecraft:stone_axe":158,"minecraft:cobblestone":8,"minecraft:stripped_crimson_hyphae":2,"minecraft:yellow_bed":1,"irons_spellbooks:inscription_table":1},"minecraft:crafted":{"minecraft:cooked_mutton":11,"minecraft:glass":83,"wom:iron_greataxe":1,"alexsmobs:cooked_catfish":10,"blue_skies:blue_journal":1,"minecraft:stick":8,"minecraft:iron_ingot":64,"quark:acacia_chest":2,"minecraft:iron_axe":1,"minecraft:cooked_beef":17,"minecraft:air":1160,"minecraft:jungle_planks":8},"minecraft:killed":{"simple_mobs:hobgob":1,"untamedwilds:wildebeest":2,"minecraft:skeleton":6,"goblinsanddungeons:garch":5,"irons_spellbooks:archevoker":1,"simple_mobs:gobber":6,"untamedwilds:boar":1,"orcz:goblinwerid":1,"minecraft:sheep":9,"minecraft:pillager":18,"goblinsanddungeons:hobgob":6,"minecraft:zombie":6,"minecraft:cow":7,"goblinsanddungeons:goblo":6,"minecraft:vex":1,"alexsmobs:raccoon":1,"minecraft:vindicator":15,"dannys_expansion:foamcaster":1,"goblinsanddungeons:goblin_king":1,"bloodandmadness:brainsucker":1,"restored_earth:lobber_zombie":1,"simple_mobs:goom":1,"goblinsanddungeons:gob":4,"majruszsdifficulty:cursed_armor":1,"minecraft:ravager":1,"simple_mobs:gob":4,"simple_mobs:goblo":2,"monsterplus:overgrown_skeleton":1},"minecraft:picked_up":{"irons_spellbooks:scroll":1,"minecraft:iron_chestplate":1,"minecraft:wheat":68,"minecraft:lead":1,"minecraft:enchanted_book":4,"libraryferret:netherite_coins_jtl":1,"minecraft:stone_brick_stairs":1,"minecraft:crimson_planks":6,"minecraft:string":64,"irons_spellbooks:arcane_essence":2,"minecraft:spruce_planks":30,"minecraft:azalea":39,"minecraft:smooth_quartz":16,"minecraft:coal_block":1,"irons_spellbooks:inscription_table":1,"bloodandmadness:pure_quicksilver":4,"minecraft:iron_boots":2,"minecraft:stick":58,"apotheosis:gem":7,"minecraft:torch":39,"minecraft:acacia_log":487,"minecraft:spruce_stairs":5,"minecraft:golden_chestplate":1,"minecraft:stone_sword":4,"minecraft:rotten_flesh":17,"quark:clear_shard":8,"quark:violet_corundum_cluster":3,"minecraft:iron_block":63,"bloodandmadness:siderite_nugget":1,"bloodandmadness:blood_stone_shard":1,"alexsmobs:flying_fish":1,"minecraft:cobblestone":62,"minecraft:birch_log":16,"minecraft:lilac":2,"orcz:orcteeth":1,"minecraft:jungle_log":3,"minecraft:chiseled_quartz_block":5,"minecraft:potato":3,"minecraft:dirt":39,"minecraft:bone":9,"minecraft:acacia_planks":88,"epicfight:iron_greatsword":4,"minecraft:wheat_seeds":253,"dannys_expansion:yellow_spores":2,"minecraft:oak_planks":11,"hexerei:animal_fat":4,"irons_spellbooks:legendary_ink":1,"minecraft:birch_fence_gate":2,"minecraft:jungle_planks":12,"minecraft:sand":83,"minecraft:acacia_stairs":10,"minecraft:diamond_block":1,"minecraft:mossy_cobblestone":8,"minecraft:dark_prismarine":3,"minecraft:light_gray_concrete":23,"waystones:waystone":5,"magistuarmory:corruptedroundshield":1,"minecraft:crossbow":2,"minecraft:granite":14,"minecraft:bread":1,"minecraft:emerald":29,"minecraft:rooted_dirt":2,"dawncraft:crystallized_xp":1,"minecraft:coarse_dirt":3,"minecraft:crafting_table":3,"quark:white_corundum_cluster":1,"minecraft:ladder":13,"minecraft:gold_block":4,"minecraft:shield":1,"minecraft:acacia_door":2,"minecraft:iron_axe":5,"minecraft:item_frame":1,"minecraft:cracked_stone_bricks":1,"minecraft:beef":17,"irons_spellbooks:epic_ink":1,"minecraft:jungle_sapling":2,"minecraft:iron_nugget":13,"minecraft:spruce_slab":4,"farmersdelight:golden_knife":1,"minecraft:birch_sapling":4,"minecraft:egg":4,"minecraft:raw_iron":17,"minecraft:stripped_crimson_hyphae":2,"immersive_weathering:acacia_bark":1,"minecraft:glow_item_frame":2,"sophisticatedbackpacks:backpack":1,"minecraft:carrot":6,"minecraft:dark_oak_planks":2,"minecraft:purple_terracotta":3,"goblinsanddungeons:goblin_crown":1,"bloodandmadness:beastblood_clump":2,"hexerei:sage_seed":5,"irons_spellbooks:evocation_rune":1,"minecraft:arrow":46,"minecraft:beetroot_seeds":1,"minecraft:jungle_stairs":2,"minecraft:hay_block":25,"minecraft:saddle":1,"minecraft:glow_berries":1,"minecraft:mutton":11,"minecraft:skeleton_skull":1,"minecraft:white_wool":14,"minecraft:tripwire_hook":1,"minecraft:leather":30,"alexsmobs:acacia_blossom":6,"minecraft:filled_map":1,"immersive_weathering:cracked_stone_brick_stairs":1,"minecraft:yellow_bed":1,"minecraft:white_banner":1,"minecraft:stone_bricks":1,"untamedwilds:material_fat":4,"minecraft:iron_ingot":5,"minecraft:acacia_sapling":23,"minecraft:iron_sword":2,"minecraft:flowering_azalea":1,"minecraft:dark_oak_slab":1,"minecraft:emerald_block":2,"minecraft:sweet_berries":3,"minecraft:raw_iron_block":67,"minecraft:spider_eye":2,"minecraft:spruce_door":1,"minecraft:leather_helmet":2,"magistuarmory:rustedchainmail_helmet":1,"minecraft:baked_potato":4,"minecraft:acacia_slab":82,"minecraft:coal":5}},"DataVersion":2975}