{"stats":{"minecraft:broken":{"minecraft:wooden_shovel":3,"minecraft:leather_chestplate":1,"magistuarmory:rustedchainmail_chestplate":1,"minecraft:iron_pickaxe":5},"minecraft:crafted":{"minecraft:jungle_button":1,"minecraft:wooden_sword":2,"simple_mobs:bundled_emerald":1,"minecraft:birch_boat":4,"quark:acacia_chest":5,"minecraft:birch_fence_gate":1,"minecraft:dark_oak_planks":4,"minecraft:wooden_shovel":3,"minecraft:crafting_table":3,"minecraft:acacia_slab":54,"minecraft:wooden_pickaxe":1,"minecraft:birch_planks":28,"minecraft:acacia_boat":4,"minecraft:bread":2,"minecraft:air":318,"minecraft:jungle_planks":8,"minecraft:iron_chestplate":1,"minecraft:stick":24,"minecraft:iron_ingot":9,"minecraft:iron_pickaxe":2,"minecraft:iron_shovel":1,"minecraft:acacia_planks":120},"minecraft:killed":{"minecraft:spider":1,"minecraft:vindicator":6,"simple_mobs:giant":1,"minecraft:skeleton":8,"hunterillager:hunterillager":1,"bloodandmadness:beast_patient":1,"minecraft:chicken":3,"minecraft:illusioner":1,"minecraft:drowned":1,"minecraft:husk":1,"minecraft:pig":3,"restored_earth:lobber_zombie":1,"dannys_expansion:floam":2,"untamedwilds:big_cat":1,"minecraft:sheep":14,"minecraft:pillager":10,"tinyskeletons:baby_skeleton":1,"minecraft:zombie":1,"monsterplus:overgrown_skeleton":1,"minecraft:cow":2},"minecraft:killed_by":{"minecraft:zombie_villager":1,"minecraft:player":1,"minecraft:pillager":2,"minecraft:enderman":1,"minecraft:ravager":1,"minecraft:vindicator":10,"simple_mobs:vampire":1,"monsterplus:overgrown_skeleton":2,"restored_earth:lobber_zombie":1,"minecraft:skeleton":7,"bloodandmadness:brainsucker":1,"minecraft:guardian":1,"minecraft:zombie":3,"simple_mobs:sentinel_knight":3,"untamedwilds:big_cat":1,"hunterillager:hunterillager":2,"dannys_expansion:floam":1},"minecraft:used":{"minecraft:writable_book":2,"minecraft:acacia_log":26,"minecraft:iron_shovel":113,"minecraft:ladder":8,"minecraft:wooden_shovel":219,"minecraft:rotten_flesh":2,"supplementaries:globe":1,"minecraft:stick":7,"minecraft:torch":16,"minecraft:dirt":51,"minecraft:mutton":9,"minecraft:spyglass":7,"minecraft:jungle_planks":21,"minecraft:spruce_stairs":1,"minecraft:acacia_slab":71,"minecraft:tripwire_hook":2,"minecraft:bow":22,"minecraft:beef":5,"alexsmobs:banana":1,"minecraft:cooked_beef":23,"minecraft:potato":16,"minecraft:acacia_planks":11,"minecraft:wheat_seeds":27,"minecraft:acacia_boat":5,"minecraft:baked_potato":2,"minecraft:oak_planks":7,"minecraft:wooden_pickaxe":3,"minecraft:birch_boat":4,"minecraft:cookie":1,"minecraft:white_wool":6,"minecraft:glow_berries":1,"minecraft:crafting_table":14,"quark:acacia_chest":5,"minecraft:white_bed":1,"minecraft:apple":8,"minecraft:birch_fence_gate":1,"minecraft:bread":59,"minecraft:map":1,"minecraft:iron_pickaxe":1402,"minecraft:melon_slice":26,"minecraft:stone_axe":215,"minecraft:cobblestone":137,"minecraft:porkchop":6,"minecraft:bone_meal":3,"epicfight:uchigatana":303,"minecraft:experience_bottle":2},"minecraft:custom":{"lootr:looted_stat":36,"minecraft:mob_kills":57,"minecraft:interact_with_crafting_table":45,"minecraft:open_barrel":44,"minecraft:leave_game":6,"minecraft:time_since_death":56802,"minecraft:climb_one_cm":84515,"champions:champion_mobs_killed":34,"minecraft:sprint_one_cm":1381735,"minecraft:walk_one_cm":1943991,"minecraft:drop":90,"minecraft:damage_dealt_absorbed":1475,"minecraft:talked_to_villager":2,"minecraft:play_time":464226,"minecraft:sneak_time":4660,"minecraft:deaths":41,"minecraft:walk_under_water_one_cm":69396,"minecraft:boat_one_cm":5484,"minecraft:jump":6718,"minecraft:walk_on_water_one_cm":85891,"minecraft:total_world_time":464226,"minecraft:interact_with_furnace":8,"minecraft:sleep_in_bed":6,"minecraft:waystone_activated":1,"minecraft:time_since_rest":20830,"minecraft:damage_taken":12880,"minecraft:damage_absorbed":122,"minecraft:damage_dealt":11310,"minecraft:swim_one_cm":139441,"minecraft:fly_one_cm":1680338,"minecraft:open_chest":127,"minecraft:crouch_one_cm":26625,"minecraft:fall_one_cm":113887},"minecraft:picked_up":{"minecraft:wheat":22,"minecraft:crafting_table":12,"minecraft:chicken":1,"minecraft:ladder":8,"minecraft:wooden_pickaxe":1,"minecraft:enchanted_book":1,"supplementaries:globe":1,"alexsmobs:banana":1,"minecraft:beef":5,"minecraft:azalea":15,"minecraft:jungle_sapling":2,"untamedwilds:hide_bigcat_jaguar":3,"minecraft:iron_pickaxe":2,"minecraft:light_gray_wool":1,"minecraft:melon_slice":38,"minecraft:birch_sapling":3,"minecraft:iron_boots":1,"minecraft:egg":2,"minecraft:stripped_crimson_hyphae":6,"minecraft:stick":25,"apotheosis:gem":2,"minecraft:torch":11,"minecraft:acacia_log":76,"minecraft:spruce_stairs":2,"minecraft:porkchop":9,"farmersdelight:tomato_seeds":1,"minecraft:cookie":1,"solapplepie:food_book":1,"bloodandmadness:beastblood_clump":1,"minecraft:brown_carpet":1,"hexerei:sage_seed":5,"minecraft:arrow":29,"minecraft:rotten_flesh":2,"minecraft:hay_block":12,"bloodandmadness:siderite_nugget":1,"minecraft:glow_berries":1,"minecraft:mutton":19,"minecraft:white_wool":11,"minecraft:cobblestone":1231,"minecraft:birch_log":7,"minecraft:leather_chestplate":1,"minecraft:feather":2,"minecraft:lilac":4,"minecraft:tripwire_hook":2,"minecraft:jungle_log":18,"minecraft:leather":2,"minecraft:acacia_wood":26,"minecraft:potato":2,"minecraft:flint":1,"minecraft:oak_log":1,"supplementaries:flax_seeds":3,"minecraft:acacia_boat":1,"minecraft:dirt":161,"simple_mobs:lootbag":1,"minecraft:bone":23,"minecraft:acacia_planks":13,"minecraft:bow":1,"minecraft:wheat_seeds":64,"dannys_expansion:yellow_spores":2,"minecraft:acacia_sapling":1,"minecraft:oak_planks":16,"minecraft:flowering_azalea":5,"hexerei:animal_fat":1,"minecraft:oak_slab":3,"magistuarmory:rustedchainmail_chestplate":1,"minecraft:sweet_berries":3,"minecraft:gravel":1,"minecraft:birch_fence_gate":1,"minecraft:sand":5,"minecraft:jungle_planks":29,"epicfight:uchigatana":9,"minecraft:white_bed":1,"minecraft:dark_oak_log":12,"minecraft:jungle_slab":1,"minecraft:stripped_acacia_log":1,"supplementaries:bamboo_spikes":2,"minecraft:stone_axe":1,"minecraft:chainmail_leggings":2,"simple_mobs:giant_eye_fragment":1,"minecraft:bread":10,"minecraft:emerald":18,"minecraft:oak_sapling":6,"minecraft:acacia_slab":37,"minecraft:coal":2},"minecraft:mined":{"minecraft:jungle_slab":1,"immersive_weathering:birch_leaf_pile":1,"minecraft:birch_fence_gate":1,"minecraft:stripped_crimson_hyphae":2,"minecraft:acacia_log":8,"minecraft:grass_block":63,"minecraft:jungle_planks":1,"minecraft:jungle_log":2,"minecraft:acacia_slab":56,"immersive_weathering:azalea_leaf_pile":10,"minecraft:hay_block":12,"supplementaries:bamboo_spikes":2,"immersive_weathering:flowering_azalea_leaf_pile":10,"treechop:chopped_log":8,"supplementaries:globe":1,"minecraft:dirt_path":2,"minecraft:potatoes":2,"supplementaries:stick":7,"minecraft:vine":1,"minecraft:stone":1378,"minecraft:oak_slab":1,"minecraft:scaffolding":4,"minecraft:crafting_table":12,"minecraft:melon":4,"immersive_weathering:rooted_grass_block":1,"quark:brown_shingles_slab":1,"minecraft:tall_grass":5,"minecraft:cobblestone":8,"farmersdelight:wild_tomatoes":1,"minecraft:oak_planks":2,"minecraft:wall_torch":8,"minecraft:spruce_stairs":1,"minecraft:birch_log":2,"minecraft:sweet_berry_bush":1,"minecraft:wheat":26,"minecraft:grass":50,"minecraft:coal_ore":2,"minecraft:oak_log":2,"minecraft:gravel":2,"minecraft:sand":5,"minecraft:dirt":126,"minecraft:smooth_basalt":4,"minecraft:acacia_planks":7,"minecraft:oak_leaves":29,"minecraft:fern":19},"minecraft:dropped":{"minecraft:iron_ingot":5,"minecraft:wheat_seeds":1,"minecraft:lilac":2,"libraryferret:netherite_coins_jtl":1,"minecraft:feather":1,"minecraft:jungle_planks":50,"minecraft:spruce_stairs":1,"minecraft:chainmail_helmet":1,"minecraft:coal":8,"minecraft:stick":2,"minecraft:emerald":35,"minecraft:dirt":5,"minecraft:jungle_slab":37,"minecraft:dark_oak_log":17,"minecraft:melon_slice":6,"minecraft:flowering_azalea":3,"minecraft:iron_pickaxe":2,"minecraft:chainmail_leggings":1,"minecraft:paper":3,"minecraft:string":34,"minecraft:acacia_planks":7,"minecraft:gravel":1,"minecraft:stone_axe":1,"epicfight:uchigatana":9,"minecraft:birch_sapling":3,"minecraft:iron_boots":3,"sophisticatedbackpacks:backpack":1,"minecraft:birch_fence_gate":1,"minecraft:filled_map":1,"minecraft:leather_chestplate":1,"supplementaries:flax_seeds":6,"minecraft:potato":5,"savage_and_ravage:mischief_arrow":1,"minecraft:gunpowder":6,"cataclysm:void_scatter_arrow":1,"minecraft:azalea":3,"apotheosis:gem":1,"minecraft:brown_carpet":1,"minecraft:stripped_acacia_log":1,"minecraft:stripped_crimson_hyphae":4,"minecraft:bow":2,"minecraft:arrow":77}},"DataVersion":2975}