{"stats":{"minecraft:custom":{"lootr:looted_stat":37,"minecraft:mob_kills":70,"minecraft:interact_with_crafting_table":51,"minecraft:open_barrel":44,"minecraft:leave_game":8,"minecraft:time_since_death":7855,"minecraft:climb_one_cm":86919,"champions:champion_mobs_killed":34,"minecraft:sprint_one_cm":1530151,"minecraft:walk_one_cm":2068498,"minecraft:drop":106,"minecraft:damage_dealt_absorbed":1760,"minecraft:talked_to_villager":3,"minecraft:play_time":500869,"minecraft:sneak_time":5041,"minecraft:deaths":43,"minecraft:walk_under_water_one_cm":73716,"minecraft:boat_one_cm":5484,"minecraft:jump":7494,"minecraft:walk_on_water_one_cm":109294,"minecraft:total_world_time":500869,"minecraft:interact_with_furnace":8,"minecraft:sleep_in_bed":7,"minecraft:waystone_activated":2,"minecraft:time_since_rest":8406,"minecraft:damage_taken":14038,"minecraft:damage_absorbed":122,"minecraft:damage_dealt":13237,"minecraft:swim_one_cm":139718,"minecraft:fly_one_cm":1937468,"minecraft:open_chest":138,"minecraft:crouch_one_cm":29377,"minecraft:fall_one_cm":133918},"minecraft:dropped":{"minecraft:iron_ingot":5,"minecraft:wheat_seeds":1,"minecraft:lilac":6,"libraryferret:netherite_coins_jtl":1,"minecraft:feather":1,"minecraft:jungle_planks":50,"minecraft:spruce_stairs":1,"minecraft:chainmail_helmet":1,"minecraft:coal":8,"minecraft:flint":1,"minecraft:stick":2,"minecraft:emerald":35,"minecraft:dirt":5,"minecraft:jungle_slab":37,"minecraft:dark_oak_log":17,"minecraft:melon_slice":14,"minecraft:flowering_azalea":3,"minecraft:iron_pickaxe":2,"minecraft:chainmail_leggings":1,"minecraft:paper":3,"minecraft:string":34,"minecraft:acacia_planks":7,"minecraft:bone":1,"minecraft:gravel":1,"minecraft:stone_axe":1,"hexerei:animal_fat":3,"epicfight:uchigatana":9,"minecraft:birch_sapling":3,"minecraft:iron_boots":3,"sophisticatedbackpacks:backpack":1,"minecraft:birch_fence_gate":1,"minecraft:filled_map":4,"minecraft:leather_chestplate":1,"supplementaries:flax_seeds":6,"minecraft:potato":5,"savage_and_ravage:mischief_arrow":1,"minecraft:gunpowder":6,"cataclysm:void_scatter_arrow":1,"minecraft:azalea":3,"apotheosis:gem":1,"minecraft:brown_carpet":1,"minecraft:stripped_acacia_log":1,"minecraft:stripped_crimson_hyphae":4,"minecraft:bow":2,"minecraft:arrow":77},"minecraft:broken":{"minecraft:wooden_shovel":3,"minecraft:chainmail_helmet":1,"minecraft:leather_chestplate":1,"magistuarmory:rustedchainmail_chestplate":1,"minecraft:iron_pickaxe":5},"minecraft:mined":{"minecraft:jungle_slab":1,"immersive_weathering:birch_leaf_pile":1,"minecraft:birch_fence_gate":1,"minecraft:stripped_crimson_hyphae":2,"minecraft:acacia_log":8,"minecraft:grass_block":63,"minecraft:jungle_planks":1,"minecraft:jungle_log":2,"minecraft:acacia_slab":56,"immersive_weathering:azalea_leaf_pile":10,"minecraft:hay_block":12,"supplementaries:bamboo_spikes":2,"immersive_weathering:flowering_azalea_leaf_pile":10,"treechop:chopped_log":8,"supplementaries:globe":1,"minecraft:dirt_path":2,"minecraft:potatoes":2,"supplementaries:stick":7,"minecraft:vine":1,"minecraft:stone":1378,"minecraft:oak_slab":1,"minecraft:scaffolding":4,"minecraft:crafting_table":12,"minecraft:melon":4,"immersive_weathering:rooted_grass_block":1,"quark:brown_shingles_slab":1,"minecraft:tall_grass":5,"minecraft:cobblestone":8,"farmersdelight:wild_tomatoes":1,"minecraft:oak_planks":2,"minecraft:wall_torch":8,"minecraft:spruce_stairs":1,"minecraft:birch_log":2,"minecraft:wheat":26,"minecraft:sweet_berry_bush":1,"minecraft:ice":3,"minecraft:grass":50,"minecraft:coal_ore":2,"minecraft:oak_log":2,"minecraft:gravel":2,"minecraft:sand":5,"minecraft:dirt":127,"minecraft:smooth_basalt":4,"minecraft:acacia_planks":7,"minecraft:oak_leaves":29,"minecraft:deepslate_emerald_ore":1,"infernalexp:buried_bone":3,"minecraft:fern":19},"minecraft:killed_by":{"minecraft:zombie_villager":1,"minecraft:player":1,"minecraft:pillager":2,"minecraft:enderman":1,"minecraft:ravager":1,"quest_giver:quest_guard_villager":1,"minecraft:vindicator":10,"simple_mobs:vampire":1,"monsterplus:overgrown_skeleton":2,"goblinsanddungeons:goblin_king":1,"restored_earth:lobber_zombie":1,"minecraft:skeleton":7,"bloodandmadness:brainsucker":1,"minecraft:guardian":1,"minecraft:zombie":3,"simple_mobs:sentinel_knight":3,"untamedwilds:big_cat":1,"hunterillager:hunterillager":2,"dannys_expansion:floam":1},"minecraft:used":{"minecraft:writable_book":2,"minecraft:acacia_log":26,"minecraft:iron_shovel":113,"minecraft:ladder":8,"minecraft:wooden_shovel":219,"minecraft:rotten_flesh":2,"supplementaries:globe":1,"minecraft:stick":7,"minecraft:torch":16,"minecraft:mutton":9,"minecraft:dirt":79,"minecraft:spyglass":7,"minecraft:jungle_planks":21,"minecraft:spruce_stairs":1,"minecraft:carrot":12,"minecraft:acacia_slab":71,"minecraft:tripwire_hook":2,"minecraft:bow":22,"minecraft:beef":5,"alexsmobs:banana":1,"minecraft:cooked_beef":23,"minecraft:potato":16,"minecraft:acacia_planks":11,"minecraft:wheat_seeds":27,"minecraft:acacia_boat":5,"minecraft:baked_potato":2,"minecraft:oak_planks":7,"minecraft:birch_boat":4,"minecraft:wooden_pickaxe":3,"minecraft:cookie":1,"minecraft:white_wool":6,"minecraft:glow_berries":1,"farmersdelight:onion":10,"minecraft:crafting_table":14,"quark:acacia_chest":5,"minecraft:white_bed":1,"minecraft:apple":8,"minecraft:birch_fence_gate":1,"minecraft:bread":69,"minecraft:map":1,"minecraft:iron_pickaxe":1403,"minecraft:melon_slice":36,"minecraft:stone_axe":215,"minecraft:cobblestone":137,"minecraft:porkchop":6,"minecraft:pillager_spawn_egg":3,"epicfight:uchigatana":333,"minecraft:bone_meal":3,"minecraft:experience_bottle":3},"minecraft:crafted":{"minecraft:jungle_button":1,"minecraft:wooden_sword":2,"simple_mobs:bundled_emerald":2,"minecraft:birch_boat":4,"quark:acacia_chest":5,"minecraft:birch_fence_gate":1,"minecraft:dark_oak_planks":4,"minecraft:wooden_shovel":3,"minecraft:crafting_table":3,"minecraft:acacia_slab":54,"minecraft:wooden_pickaxe":1,"minecraft:birch_planks":28,"minecraft:acacia_boat":4,"minecraft:bread":2,"minecraft:air":318,"minecraft:jungle_planks":8,"minecraft:iron_chestplate":1,"minecraft:stick":24,"minecraft:iron_ingot":9,"minecraft:iron_pickaxe":2,"minecraft:iron_shovel":1,"minecraft:acacia_planks":120},"minecraft:killed":{"minecraft:spider":1,"minecraft:vindicator":6,"simple_mobs:giant":1,"minecraft:skeleton":8,"hunterillager:hunterillager":1,"bloodandmadness:beast_patient":1,"minecraft:chicken":3,"minecraft:illusioner":1,"minecraft:drowned":1,"minecraft:husk":1,"minecraft:pig":7,"restored_earth:lobber_zombie":1,"dannys_expansion:floam":2,"untamedwilds:boar":1,"minecraft:wandering_trader":1,"untamedwilds:big_cat":1,"minecraft:sheep":17,"minecraft:trader_llama":2,"minecraft:pillager":10,"tinyskeletons:baby_skeleton":1,"minecraft:zombie":1,"monsterplus:overgrown_skeleton":1,"minecraft:cow":3},"minecraft:picked_up":{"minecraft:wheat":22,"minecraft:crafting_table":12,"minecraft:chicken":1,"minecraft:ladder":8,"minecraft:lead":1,"minecraft:wooden_pickaxe":1,"minecraft:enchanted_book":1,"supplementaries:globe":1,"alexsmobs:banana":1,"minecraft:beef":8,"minecraft:azalea":15,"minecraft:jungle_sapling":2,"untamedwilds:hide_bigcat_jaguar":3,"minecraft:iron_pickaxe":2,"minecraft:light_gray_wool":1,"minecraft:melon_slice":46,"minecraft:birch_sapling":3,"minecraft:iron_boots":1,"minecraft:egg":2,"minecraft:stripped_crimson_hyphae":6,"minecraft:stick":25,"apotheosis:gem":2,"minecraft:torch":11,"minecraft:acacia_log":76,"minecraft:spruce_stairs":2,"minecraft:porkchop":16,"farmersdelight:tomato_seeds":1,"minecraft:cookie":1,"solapplepie:food_book":1,"bloodandmadness:beastblood_clump":1,"minecraft:brown_carpet":1,"hexerei:sage_seed":5,"minecraft:arrow":29,"minecraft:rotten_flesh":2,"farmersdelight:onion":8,"minecraft:hay_block":12,"bloodandmadness:siderite_nugget":1,"minecraft:glow_berries":1,"minecraft:mutton":23,"minecraft:white_wool":14,"minecraft:cobblestone":1231,"minecraft:birch_log":7,"minecraft:leather_chestplate":1,"minecraft:feather":2,"minecraft:lilac":6,"minecraft:tripwire_hook":2,"minecraft:jungle_log":18,"minecraft:leather":7,"minecraft:acacia_wood":26,"minecraft:potato":2,"minecraft:filled_map":1,"minecraft:flint":1,"minecraft:oak_log":1,"supplementaries:flax_seeds":3,"minecraft:acacia_boat":1,"minecraft:dirt":162,"simple_mobs:lootbag":1,"minecraft:bone":27,"minecraft:acacia_planks":13,"untamedwilds:material_fat":2,"minecraft:bow":1,"minecraft:wheat_seeds":65,"dannys_expansion:yellow_spores":2,"minecraft:oak_planks":16,"minecraft:acacia_sapling":1,"minecraft:flowering_azalea":5,"hexerei:animal_fat":4,"minecraft:oak_slab":3,"magistuarmory:rustedchainmail_chestplate":1,"minecraft:sweet_berries":3,"minecraft:jungle_planks":29,"minecraft:gravel":1,"minecraft:birch_fence_gate":1,"minecraft:sand":5,"epicfight:uchigatana":11,"minecraft:white_bed":1,"minecraft:dark_oak_log":12,"minecraft:jungle_slab":1,"minecraft:stripped_acacia_log":1,"supplementaries:bamboo_spikes":2,"minecraft:stone_axe":1,"minecraft:chainmail_leggings":2,"simple_mobs:giant_eye_fragment":1,"minecraft:bread":34,"minecraft:emerald":19,"minecraft:oak_sapling":6,"minecraft:acacia_slab":37,"minecraft:coal":2}},"DataVersion":2975}